{
  "timestamp": "2025-07-03T09:03:49.634582",
  "query_version": "v2",
  "backend": "turbopuffer",
  "search_type": "vector",
  "total_queries": 2883,
  "metrics": {
    "total_queries": 2883,
    "successful_searches": 2883,
    "recall@1": 0.02809573361082206,
    "recall@5": 0.08081859174471037,
    "recall@10": 0.11272979535206382,
    "recall@20": 0.15400624349635797,
    "recall@30": 0.1734304543877905,
    "not_found": 2383,
    "search_errors": 0,
    "error_rate": 0.0
  }
}