{
  "timestamp": "2025-07-03T10:23:26.153309",
  "summary_version": "v3",
  "query_version": "v1",
  "db_backend": "turbopuffer",
  "total_queries": 2117,
  "metrics": {
    "total_queries": 2117,
    "successful_searches": 2098,
    "recall@1": 0.4166273027869627,
    "recall@5": 0.6598960793575814,
    "recall@10": 0.733112895606991,
    "recall@20": 0.7931034482758621,
    "recall@30": 0.8200283419933869,
    "not_found": 362,
    "search_errors": 19,
    "error_rate": 0.008974964572508267
  },
  "comparison": {
    "with_summaries": {
      "1": 0.4166273027869627,
      "5": 0.6598960793575814,
      "10": 0.733112895606991,
      "20": 0.7931034482758621,
      "30": 0.8200283419933869
    }
  }
}