{
  "timestamp": "2025-07-03T10:24:25.139407",
  "summary_version": "v1",
  "query_version": "v2",
  "db_backend": "turbopuffer",
  "total_queries": 2883,
  "metrics": {
    "total_queries": 2883,
    "successful_searches": 2883,
    "recall@1": 0.054457162677766215,
    "recall@5": 0.1255636489767603,
    "recall@10": 0.15574054804023588,
    "recall@20": 0.1987513007284079,
    "recall@30": 0.2244190079778009,
    "not_found": 2236,
    "search_errors": 0,
    "error_rate": 0.0
  },
  "comparison": {
    "with_summaries": {
      "1": 0.054457162677766215,
      "5": 0.1255636489767603,
      "10": 0.15574054804023588,
      "20": 0.1987513007284079,
      "30": 0.2244190079778009
    }
  }
}