{
  "timestamp": "2025-07-03T11:49:32.714059",
  "summary_version": "v4",
  "query_version": "v2",
  "db_backend": "turbopuffer",
  "total_queries": 576,
  "metrics": {
    "total_queries": 576,
    "successful_searches": 576,
    "recall@1": 0.05555555555555555,
    "recall@5": 0.1371527777777778,
    "recall@10": 0.1857638888888889,
    "recall@20": 0.2361111111111111,
    "recall@30": 0.2708333333333333,
    "not_found": 420,
    "search_errors": 0,
    "error_rate": 0.0
  },
  "comparison": {
    "with_summaries": {
      "1": 0.05555555555555555,
      "5": 0.1371527777777778,
      "10": 0.1857638888888889,
      "20": 0.2361111111111111,
      "30": 0.2708333333333333
    }
  }
}