{
  "timestamp": "2025-07-03T10:21:15.737648",
  "summary_version": "v2",
  "query_version": "v2",
  "db_backend": "turbopuffer",
  "total_queries": 2883,
  "metrics": {
    "total_queries": 2883,
    "successful_searches": 2883,
    "recall@1": 0.06729101630246272,
    "recall@5": 0.15019077349982657,
    "recall@10": 0.1935483870967742,
    "recall@20": 0.24245577523413112,
    "recall@30": 0.2736732570239334,
    "not_found": 2094,
    "search_errors": 0,
    "error_rate": 0.0
  },
  "comparison": {
    "with_summaries": {
      "1": 0.06729101630246272,
      "5": 0.15019077349982657,
      "10": 0.1935483870967742,
      "20": 0.24245577523413112,
      "30": 0.2736732570239334
    }
  }
}