{
  "timestamp": "2025-07-03T09:16:20.865566",
  "summary_version": "v2",
  "query_version": "v1",
  "db_backend": "turbopuffer",
  "total_queries": 2489,
  "metrics": {
    "total_queries": 2489,
    "successful_searches": 2489,
    "recall@1": 0.4258738449176376,
    "recall@5": 0.6822016874246686,
    "recall@10": 0.7533145841703496,
    "recall@20": 0.8079550020088389,
    "recall@30": 0.8364805142627562,
    "not_found": 407,
    "search_errors": 0,
    "error_rate": 0.0
  },
  "comparison": {
    "with_summaries": {
      "1": 0.4258738449176376,
      "5": 0.6822016874246686,
      "10": 0.7533145841703496,
      "20": 0.8079550020088389,
      "30": 0.8364805142627562
    }
  }
}