{
  "timestamp": "2025-07-03T12:30:09.244866",
  "summary_version": "v4",
  "query_version": "v3",
  "db_backend": "turbopuffer",
  "total_queries": 359,
  "metrics": {
    "total_queries": 359,
    "successful_searches": 359,
    "recall@1": 0.28690807799442897,
    "recall@5": 0.532033426183844,
    "recall@10": 0.6295264623955432,
    "recall@20": 0.6908077994428969,
    "recall@30": 0.7186629526462396,
    "not_found": 101,
    "search_errors": 0,
    "error_rate": 0.0
  },
  "comparison": {
    "with_summaries": {
      "1": 0.28690807799442897,
      "5": 0.532033426183844,
      "10": 0.6295264623955432,
      "20": 0.6908077994428969,
      "30": 0.7186629526462396
    }
  }
}